,nft_projects_k,hit_rate,hit_ratio
3,100,0.333,0.009021939281934389
2,20,0.07,0.0036246149876954835
1,10,0.038,0.0038361111111111113
0,5,0.012,0.0024000000000000002
